Year,Award,Source
2013,Member of the Month,https://www.servicenow.com/community/developer-articles/from-the-archives-2013-member-of-the-month/ta-p/2306880
2015,Top Contributor Program,https://www.servicenow.com/community/top-contributor-blog/new-top-contributor-programs/ba-p/2288420
2016,Lost to Time,
2018,Top Contributor Program,https://www.servicenow.com/community/top-contributor-blog/congratulations-2018-mvp-leader-awardees/ba-p/2288718
2019,Top Contributor Program,https://www.servicenow.com/community/top-contributor-blog/congratulations-2019-mvp-leader-awardees/ba-p/2287883
2020,Developer MVP,https://developer.servicenow.com/blog.do?p=/post/all-stars/
2020,Top Contributor Program,https://www.servicenow.com/community/top-contributor-blog/congratulations-2020-now-community-mvp-awardees/ba-p/2288069
2021,Developer MVP,https://developer.servicenow.com/blog.do?p=/post/2021-developer-mvp-announcement/
2021,Top Contributor Program,https://www.servicenow.com/community/top-contributor-blog/congratulations-2021-now-community-mvp-awardees/ba-p/2288544
2022,Developer MVP,https://developer.servicenow.com/blog.do?p=/post/2022-mvp-announcement/
2022,Top Contributor Program,https://www.servicenow.com/community/in-other-news/announcing-our-2022-mvp-and-rising-stars/ba-p/2270403
2023,Developer MVP,https://developer.servicenow.com/blog.do?p=/post/2023-mvp-announcement/
2023,Top Contributor Program,https://www.servicenow.com/community/in-other-news/announcing-our-2023-mvp-and-rising-star-awardees/ba-p/2457267
2024,Top Contributor Program,https://www.servicenow.com/community/in-other-news/announcing-our-2024-servicenow-mvp-and-rising-star-awardees/ba-p/2812367/page/6
2025,Top Contributor Program,https://www.servicenow.com/community/in-other-news/announcing-our-2025-servicenow-mvps/ba-p/3177209
2026,Most Valued Profesionals,https://www.servicenow.com/community/in-other-news/announcing-our-2026-servicenow-mvps/ba-p/3493833